symbol,name,description,market_cap_basic,close,change,volume,relative_volume_10d_calc,price_earnings_ttm,earnings_per_share_diluted_ttm,dividends_yield_current,sector.tr
DSEBD:GP,GP,GRAMEENPHONE LTD,426289741898.0,315.0,-0.22172949002216935,8178.0,0.0434094866024035,14.444571821621002,21.8075,10.4529616724739,Communications
DSEBD:SQURPHARMA,SQURPHARMA,SQUARE PHARMACEUTICALS PLC,203529152432.0,227.5,-0.9146341463414609,23059.0,0.030787495782557673,8.580404995115769,26.5139,4.79094076655052,Health technology
DSEBD:BATBC,BATBC,BRITISH AMERICAN TOBACCO BANGLADESH CO LTD,160380000000.0,296.5,-0.16835016835016833,9893.0,0.018018205071324293,9.671337612859455,30.6576,10.1010101010101,Consumer non-durables
DSEBD:ROBI,ROBI,ROBI AXIATA PLC,142471784465.0,27.0,-0.7352941176470562,295706.0,0.060287114564539224,19.5993031358885,1.3776,5.51470588235294,Communications
DSEBD:BRACBANK,BRACBANK,BRAC BANK LTD,135781157180.99998,66.8,-2.052785923753674,217154.0,0.05835749219135241,9.391915641476274,7.1125,1.62919501466276,Finance
DSEBD:WALTONHIL,WALTONHIL,WALTON HI-TECH INDUSTRIES PLC ,135318095287.0,450.0,0.7387508394895929,3422.0,0.11898801079306795,10.562091012364688,42.6052,7.83523617640475,Consumer durables
DSEBD:BEXIMCO,BEXIMCO,BEXIMCO LTD,103850264528.0,110.1,0.0,500.0,8.532423208191092,,-4.1965,0.0,Process industries
DSEBD:MARICO,MARICO,MARICO BANGLADESH LTD,92339096924.0,2902.0,-1.0029337517909562,1589.0,0.1632741135006833,15.477779093371224,187.4946,13.0995428805349,Consumer non-durables
DSEBD:UPGDCL,UPGDCL,UNITED POWER GENERATION AND DISTRIBUTION COMPANY LTD ,80403729609.0,137.8,-0.648882480173019,25537.0,0.1870835637964692,6.851869347083481,20.1113,4.32588320115357,Utilities
DSEBD:BERGERPBL,BERGERPBL,BERGER PAINTS BANGLADESH LTD,76129020809.0,1535.5,-0.9546539379474911,100.0,0.007440753004204026,21.229411756573096,72.3289,3.38644133393537,Process industries
DSEBD:ISLAMIBANK,ISLAMIBANK,ISLAMI BANK BANGLADESH PLC,73093575723.0,45.4,0.0,83002.0,0.06868122888775416,,,2.20264317180617,Finance
DSEBD:LHB,LHB,LAFARGEHOLCIM BANGLADESH PLC ,66778978271.0,56.9,-1.0434782608695676,78097.0,0.05394501734733902,17.63684830450685,3.2262,6.60869565217391,Non-energy minerals
DSEBD:RENATA,RENATA,RENATA PLC,57417066125.0,500.7,0.019976028765474607,4704.0,0.04639048679439172,20.4092446908246,24.533,1.83779464642429,Health technology
DSEBD:BXPHARMA,BXPHARMA,BEXIMCO PHARMACEUTICALS LTD ,52061279666.0,114.8,-1.6281062553556176,169378.0,0.1378774662026091,8.060665636848757,14.242,3.42759211653813,Health technology
DSEBD:UNILEVERCL,UNILEVERCL,UNILEVER CONSUMER CARE LTD,48334208050.0,2507.7,0.0997924317419767,831.0,1.6329337787384508,,,2.07361327112494,Health technology
DSEBD:DUTCHBANGL,DUTCHBANGL,DUTCH-BANGLA BANK PLC,43018199432.0,44.6,0.2247191011235987,1132.0,0.002144839576610183,11.49069923223579,3.8814,1.85718202247191,Finance
DSEBD:ICB,ICB,INVESTMENT CORPORATION OF BANGLADESH I.C.B.,41628427734.0,48.4,0.8333333333333304,4337.0,0.018372704523955473,200.08267879288962,0.2419,0.416666666666667,Finance
DSEBD:EBL,EBL,EASTERN BANK PLC,40852822484.0,25.5,-0.39062500000000555,82897.0,0.024565281753975994,5.903051067179036,4.3198,5.817821484375,Finance
DSEBD:PUBALIBANK,PUBALIBANK,PUBALI BANK PLC,39043044434.0,29.5,-1.6666666666666667,25855.0,0.012236314636894523,4.14436436689566,7.1181,3.29218,Finance
DSEBD:CITYBANK,CITYBANK,CITY BANK PLC,36357209234.0,23.6,-1.2552301255230007,1189673.0,0.07588174716110227,3.5283915916634276,6.6886,4.649,Finance
DSEBD:OLYMPIC,OLYMPIC,OLYMPIC INDUSTRIES PLC.,33689700149.999996,167.9,-0.3560830860534091,53309.0,0.11165074672942628,18.130574692784485,9.2606,0.593471810089021,Consumer non-durables
DSEBD:MJLBD,MJLBD,MJL BANGLADESH PLC,32055305955.0,100.0,-1.185770750988145,13138.0,0.024202316481118032,9.759144318226177,10.2468,5.13833992094862,Process industries
DSEBD:PRIMEBANK,PRIMEBANK,PRIME BANK PLC,31684121844.0,27.5,0.73260073260073,61866.0,0.01893372342936721,3.8404066641529457,7.1607,6.25390842490843,Finance
DSEBD:POWERGRID,POWERGRID,POWER GRID COMPANY OF BANGLADESH LTD,30155631226.0,33.1,0.3030303030303073,3281.0,0.010396749597724058,,-7.6473,0.0,Utilities
DSEBD:BSCPLC,BSCPLC,BANGLADESH SUBMARINE CABLES PLC,28261571207.0,149.5,-1.0589013898080706,50283.0,0.12319264533806855,18.98509130622508,7.8746,2.64725347452019,Communications
DSEBD:BSRMLTD,BSRMLTD,BANGLADESH STEEL RE-ROLLING MILLS LTD,27081624598.0,88.5,-2.425578831312021,18988.0,0.11074787477581255,5.023043567098781,17.6188,3.85887541345094,Non-energy minerals
DSEBD:BEACONPHAR,BEACONPHAR,BEACON PHARMACEUTICALS PLC,25733400352.0,112.0,0.5385996409335676,5587.0,0.04315705398069172,,,1.79533213644524,Health technology
DSEBD:BSRMSTEEL,BSRMSTEEL,BSRM STEELS LTD,24624889709.0,65.1,-0.610687022900772,21245.0,0.10975233013831531,5.520972912461624,11.7914,4.88549618320611,Non-energy minerals
DSEBD:BANKASIA,BANKASIA,BANK ASIA PLC,23854455079.0,18.5,-0.5376344086021582,78946.0,0.010868059886250595,8.196358158699216,2.2571,4.88758602150543,Finance
DSEBD:MPETROLEUM,MPETROLEUM,MEGHNA PETROLEUM LTD,23039209207.0,212.5,-0.18788163457022344,919.0,0.0048956152547158256,3.6953886766334922,57.5041,7.98496946923438,Distribution services
DSEBD:TITASGAS,TITASGAS,TITAS GAS TRANSMISSION AND DISTRIBUTION PLC,21367191295.0,21.4,-0.925925925925939,49313.0,0.06896674217909339,,-15.43,2.31481481481482,Utilities
DSEBD:JAMUNAOIL,JAMUNAOIL,JAMUNA OIL COMPANY LTD,21113182933.0,190.7,-0.26150627615062766,3984.0,0.012041539684943254,3.81010607159483,50.0511,7.84518828451883,Energy minerals
DSEBD:SHAHJABANK,SHAHJABANK,SHAHJALAL ISLAMI BANK PLC,20812509626.0,18.6,-0.5347593582887586,55571.0,0.04674734904734958,12.6685737637924,1.4682,5.3475935828877,Finance
DSEBD:UTTARABANK,UTTARABANK,UTTARA BANK PLC,20763753231.0,21.3,-0.4672897196261583,311163.0,0.03843486810819749,4.480720281044239,4.7537,5.92309345794393,Finance
DSEBD:ALARABANK,ALARABANK,AL-ARAFAH ISLAMI BANK PLC,20730451904.0,18.0,0.0,2403.0,0.008990319412617501,34.910783553141975,0.5156,5.291,Finance
DSEBD:PADMAOIL,PADMAOIL,PADMA OIL PLC,19754606612.0,200.1,-0.49726504226752855,3026.0,0.02237172852284475,3.584595376033191,55.8222,6.9617105917454,Distribution services
DSEBD:JAMUNABANK,JAMUNABANK,JAMUNA BANK PLC,19538222330.0,20.6,-0.9615384615384581,380069.0,0.0397300531940054,6.840899279380999,3.0113,7.41780288461538,Finance
DSEBD:KOHINOOR,KOHINOOR,KOHINOOR CHEMICALS COMPANY (BANGLADESH) LTD.,19495541054.0,527.1,0.22818026240731043,4070.0,0.128345416302706,33.00956281586413,15.9681,0.864319262217151,Consumer non-durables
DSEBD:TRUSTBANK,TRUSTBANK,TRUST BANK PLC,18771918777.0,20.0,-1.4778325123152742,184952.0,0.07292866687444244,5.386625010099922,3.7129,3.197039408867,Finance
DSEBD:BSC,BSC,BANGLADESH SHIPPING CO LTD BSC,18227938408.0,118.4,-0.9205020920502044,385717.0,0.1520964888828952,6.005792749425543,19.7143,2.09205020920502,Transportation
DSEBD:IDLC,IDLC,IDLC FINANCE PLC,17415688264.0,39.3,-1.503759398496244,68536.0,0.0397384553745426,7.337017399746098,5.3564,3.58037853136236,Finance
DSEBD:ACMELAB,ACMELAB,THE ACME LABORATORIES LTD,17414820542.0,81.8,-0.6075334143377886,39683.0,0.07918422469379294,7.202352651134943,11.3574,4.25273390036452,Health technology
DSEBD:ACI,ACI,ADVANCED CHEMICAL INDUSTRIES PLC,17220565762.0,194.8,-0.865139949109409,3841.0,0.05728680390045432,,-17.827,0.885053435114504,Health technology
DSEBD:BESTHLDNG,BESTHLDNG,BEST HOLDINGS PLC,17159530859.999998,16.0,-1.2345679012345634,173009.0,0.16787362820176818,30.876109610189115,0.5182,6.17283950617284,Industrial services
DSEBD:UCB,UCB,UNITED COMMERCIAL BANK LTD,16433984649.000002,10.6,0.0,35574.0,0.013708260064814244,,-0.6503,4.49235849056604,Finance
DSEBD:RECKITTBEN,RECKITTBEN,RECKITT BENCKISER (BANGLADESH) PLC,16054131945.0,3380.0,-0.5209406363127945,45.0,0.008518855065879146,21.188300046388587,159.522,9.80074756452895,Consumer non-durables
DSEBD:SUMITPOWER,SUMITPOWER,SUMMIT POWER LTD,15804582723.0,14.8,0.0,7220.0,0.011385090923827593,,,6.75675675675676,Utilities
DSEBD:LINDEBD,LINDEBD,LINDE BANGLADESH LTD,14615636328.0,962.1,0.17700957934194558,404.0,0.01847330059352337,,,46.8554768846314,Process industries
DSEBD:NCCBANK,NCCBANK,NATIONAL CREDIT AND COMMERCE BANK PLC,14435500244.0,12.8,-1.538461538461533,903591.0,0.2232874030326616,5.824270828593529,2.1977,10.0,Finance
DSEBD:MTB,MTB,MUTUAL TRUST BANK PLC,14166756504.0,13.0,-0.7633587786259515,205700.0,0.05487107790831451,4.362855321005471,2.9797,6.93961832061069,Finance
DSEBD:HEIDELBCEM,HEIDELBCEM,HEIDELBERG MATERIALS BANGLADESH PLC,14007240470.0,246.8,-0.44372730939894894,565.0,0.017720875819002425,52.90007287692374,4.6654,1.00847115772489,Non-energy minerals
DSEBD:SOUTHEASTB,SOUTHEASTB,SOUTHEAST BANK PLC,13106484606.0,9.9,1.0204081632653024,98092.0,0.029130892537618743,24.16402245545521,0.4097,5.8869387755102,Finance
DSEBD:IFIC,IFIC,IFIC BANK PLC,12685771838.0,6.6,0.0,978243.0,0.1254498449469857,,-6.8273,0.0,Finance
DSEBD:DHAKABANK,DHAKABANK,DHAKA BANK PLC,12471802204.0,11.7,-0.847457627118656,222878.0,0.024819139532265267,13.469951646327422,0.8686,4.23728813559322,Finance
DSEBD:MIDLANDBNK,MIDLANDBNK,MIDLAND BANK PLC,12320679382.0,18.5,-1.0695187165775364,306831.0,0.09849935282062341,14.44184231069477,1.281,1.55755080213904,Finance
DSEBD:NBL,NBL,NATIONAL BANK LTD,12235009954.0,3.9,2.631578947368424,60768.0,0.07234256432771517,,-5.0462,0.0,Finance
DSEBD:UNIQUEHRL,UNIQUEHRL,UNIQUE HOTEL & RESORTS PLC,12040960200.0,40.7,-0.48899755501221454,87599.0,0.2572175903604552,6.976106407048096,5.8342,3.9119804400978,Consumer services
DSEBD:BATASHOE,BATASHOE,BATA SHOE CO (BANGLADESH) LTD,11911176433.0,871.0,0.03445503617778276,66.0,0.011496255007838355,60.77351921238636,14.3319,5.11083036637188,Consumer non-durables
DSEBD:KBPPWBIL,KBPPWBIL,KHAN BROTHERS PP WOVEN BAG INDUSTRIES LTD,11651889109.0,118.0,-0.673400673400671,45215.0,0.057660198496971064,560.8365019011407,0.2104,0.0841750841750842,Process industries
DSEBD:NATLIFEINS,NATLIFEINS,NATIONAL LIFE INSURANCE PLC,11644409634.0,107.3,0.0,34941.0,0.1755420723721064,,,3.54147250698975,Finance
DSEBD:RUPALIBANK,RUPALIBANK,RUPALI BANK PLC,10978471527.0,22.6,0.44444444444445075,54001.0,0.04343957168731939,,-0.4578,0.0,Finance
DSEBD:SQUARETEXT,SQUARETEXT,SQUARE TEXTILES PLC,10651607941.0,54.3,0.5555555555555503,5115.0,0.017779931376069383,8.035753925384398,6.7573,5.92592592592593,Process industries
DSEBD:SINGERBD,SINGERBD,SINGER BANGLADESH LTD,10598412485.0,107.3,0.9407337723424272,1267.0,0.011555716887672388,,-8.1949,0.940733772342427,Consumer durables
DSEBD:MERCANBANK,MERCANBANK,MERCANTILE BANK PLC,10512465515.0,9.3,-2.1052631578947296,518301.0,0.0883797119314632,22.090261282660336,0.421,10.5263157894737,Finance
DSEBD:DESCO,DESCO,DHAKA ELECTRIC SUPPLY CO LTD,9859730580.0,24.8,-2.3622047244094406,51280.0,0.5517122661301602,,-7.8803,0.0,Utilities
DSEBD:IBNSINA,IBNSINA,THE IBN SINA PHARMACEUTICAL INDUSTRY PLC,9788628129.0,311.2,-0.6702840727737066,3049.0,0.03891130035720807,15.364411047367017,20.2546,2.0108522183211,Health technology
DSEBD:RAKCERAMIC,RAKCERAMIC,RAK CERAMICS (BANGLADESH) LTD,9543702118.0,22.3,0.0,3253.0,0.008286213401708391,,-0.6413,4.48430493273543,Producer manufacturing
DSEBD:GPHISPAT,GPHISPAT,GPH ISPAT LTD,9435727936.0,19.3,-1.025641025641022,51657.0,0.04743527041970072,18.039069071875875,1.0699,5.12820512820513,Non-energy minerals
DSEBD:LANKABAFIN,LANKABAFIN,LANKABANGLA FINANCE PLC,9429675903.0,17.4,-0.5714285714285796,132739.0,0.04008640778777805,,,5.71428571428572,Finance
DSEBD:DELTALIFE,DELTALIFE,DELTA LIFE INSURANCE CO LTD,9405000000.0,75.0,-1.3157894736842104,12244.0,0.04878904039719794,7.126703282084418,10.5238,3.94736842105263,Finance
DSEBD:SIBL,SIBL,SOCIAL ISLAMI BANK PLC,9337870394.0,7.8,0.0,1001.0,0.004613049908038551,,-2.4489,6.41025641025641,Finance
DSEBD:PREMIERBAN,PREMIERBAN,PREMIER BANK LTD,9004047647.0,7.3,0.0,134890.0,0.04559929145144279,,,17.1232876712329,Finance
DSEBD:ONEBANKPLC,ONEBANKPLC,ONE BANK PLC,8739739372.0,8.1,-1.219512195121947,471567.0,0.07039489237672518,5.461901550910317,1.483,4.12395243902439,Finance
DSEBD:EXIMBANK,EXIMBANK,EXPORT IMPORT BANK OF BANGLADESH PLC,8685344238.0,6.1,1.6666666666666607,44060.0,0.02138145243924956,41.35593220338983,0.1475,16.6666666666667,Finance
DSEBD:PTL,PTL,PARAMOUNT TEXTILE PLC ,8561787568.0,47.5,-0.6276150627615004,22204.0,0.05219922500466065,8.424973394820858,5.638,0.950930962343096,Process industries
DSEBD:LOVELLO,LOVELLO,TAUFIKA FOODS AND LOVELLO ICE-CREAM PLC,8480450000.000001,90.9,0.22050716648291382,62068.0,0.05694151027659035,40.89804733195357,2.2226,1.00230540242558,Consumer non-durables
DSEBD:EHL,EHL,EASTERN HOUSING LTD,8214372864.000001,87.8,-0.2272727272727305,183989.0,0.17782106304307535,,,2.15909090909091,Finance
DSEBD:SPCL,SPCL,SHAHJIBAZAR POWER CO LTD,8099812693.0,43.1,-0.6912442396313299,126285.0,0.12329385411110827,115.73576799140709,0.3724,2.76497695852535,Utilities
DSEBD:DBH,DBH,DBH FINANCE PLC,7952424410.0,38.9,-0.7653061224489904,6476.0,0.011559519476701481,7.953871633917435,4.8907,3.67794132653061,Finance
DSEBD:ORIONINFU,ORIONINFU,ORION INFUSIONS LTD,7899602400.0,402.2,3.659793814432987,229615.0,0.7912942640082846,198.63690241011457,2.0248,0.309278350515464,Health technology
DSEBD:IPDC,IPDC,IPDC FINANCE PLC,7609789298.0,18.4,-1.0752688172043163,160526.0,0.04014293471495355,19.73825359364943,0.9322,2.56016129032258,Finance
DSEBD:STANDBANKL,STANDBANKL,STANDARD BANK PLC,7587727752.0,6.9,1.4705882352941255,72073.0,0.017859222995318752,8.86206010788595,0.7786,3.58679411764706,Finance
DSEBD:ENVOYTEX,ENVOYTEX,ENVOY TEXTILES LTD,7514517645.0,45.6,1.7857142857142954,68807.0,0.24024513684025345,6.527153531247317,6.9862,4.46428571428571,Consumer non-durables
DSEBD:CROWNCEMNT,CROWNCEMNT,CROWN CEMENT PLC,7469549887.0,49.9,-0.7952286282306135,1741.0,0.060219501987139795,11.344002909884514,4.3988,4.17495029821074,Non-energy minerals
DSEBD:ORIONPHARM,ORIONPHARM,ORION PHARMA LTD,7300800179.0,31.0,-0.6410256410256387,22320.0,0.05280904113497779,,-0.4675,3.20512820512821,Health technology
DSEBD:SBACBANK,SBACBANK,SBAC BANK PLC,6675952365.0,8.0,-1.2345679012345634,35410.0,0.01833523140863975,,-0.1867,2.46913580246914,Finance
DSEBD:JHRML,JHRML,JMI HOSPITAL REQUISITE MANUFACTURING LTD,6653117772.0,53.2,0.18832391713747915,20092.0,0.03931078174298669,24.559135813867606,2.1662,1.88323917137476,Health technology
DSEBD:NRBBANK,NRBBANK,NRB BANK PLC,6491519024.0,9.4,0.0,140521.0,0.03805773673994417,,-1.2785,10.6382978723404,Finance
DSEBD:ACIFORMULA,ACIFORMULA,ACI FORMULATIONS PLC,6487425144.0,139.5,1.6023306627822202,2.0,3.9144995018799386e-05,15.262916037550058,9.1398,1.45666423889293,Process industries
DSEBD:IFADAUTOS,IFADAUTOS,IFAD AUTOS PLC,6330792290.0,23.8,0.8474576271186409,13253.0,0.03141708773813799,,-0.3041,0.427966101694915,Retail trade
DSEBD:RELIANCINS,RELIANCINS,RELIANCE INSURANCE LTD,6299149274.0,59.6,-0.5008347245408968,1410.0,0.010979495597300066,6.034526401053005,9.8765,5.00834724540902,Finance
DSEBD:NAVANAPHAR,NAVANAPHAR,NAVANA PHARMACEUTICALS LTD,6026049605.4,55.6,-0.8912655971479502,70649.0,0.07320127974018928,14.13427561837456,3.9337,2.49554367201426,Health technology
DSEBD:SEAPEARL,SEAPEARL,SEA PEARL BEACH RESORT & SPA LTD,6001275000.0,49.4,-0.6036217303823023,228410.0,0.18588970126619184,,-3.3459,1.40845070422535,Consumer services
DSEBD:NRBCBANK,NRBCBANK,NRBC BANK PLC,5966276502.0,7.2,0.0,4801.0,0.004887844284541157,,-0.2752,15.2777777777778,Finance
DSEBD:ABBANK,ABBANK,AB BANK PLC,5911585352.0,6.6,0.0,294278.0,0.1061100674792213,,-41.0624,0.0,Finance
DSEBD:MALEKSPIN,MALEKSPIN,MALEK SPINNING MILLS PLC,5885440112.0,30.2,-0.657894736842103,1730964.0,0.4167324319912713,4.100920670269683,7.3642,3.28947368421053,Process industries
DSEBD:BPML,BPML,BASHUNDHARA PAPER MILLS LTD,5856771757.0,33.5,-0.5934718100890292,24839.0,0.08793733681462142,,-11.311,0.0,Process industries
DSEBD:SONALIPAPR,SONALIPAPR,SONALI PAPER & BOARD MILLS LTD,5781880318.5,174.2,-0.7407407407407471,114790.0,0.3710586533858331,,,2.27920227920228,Process industries
DSEBD:SAPORTL,SAPORTL,SUMMIT ALLIANCE PORT LTD,5708497838.0,24.0,-0.4149377593361055,40284.0,0.04360366944513209,8.94087844130686,2.6843,6.22406639004149,Transportation
DSEBD:KEYACOSMET,KEYACOSMET,KEYA COSMETICS LTD,5291123648.0,4.8,0.0,25435.0,0.06589588217448329,,,0.0,Consumer non-durables
DSEBD:SHARPIND,SHARPIND,SMART INDUSTRIES PLC,5280066205.0,17.5,0.5747126436781691,20726.0,0.06406398609299015,29.590801487994586,0.5914,0.574712643678161,Process industries
DSEBD:ITC,ITC,IT CONSULTANTS PLC,5156565735.0,39.7,-0.9975062344139616,96261.0,0.07077108211580566,10.576513213981245,3.7536,2.7431421446384,Commercial services
DSEBD:CONFIDCEM,CONFIDCEM,CONFIDENCE CEMENT LTD,5114849788.0,58.3,-1.6863406408094435,98774.0,0.16077251016974756,5.727028035914262,10.1798,1.68634064080944,Non-energy minerals
DSEBD:PREMIERCEM,PREMIERCEM,PREMIER CEMENT MILLS PLC,5061599854.0,48.0,0.0,199.0,0.00142338470869967,19.00990099009901,2.525,4.47916666666667,Non-energy minerals
DSEBD:MATINSPINN,MATINSPINN,MATIN SPINNING MILLS PLC,4971989891.0,52.3,2.5490196078431318,115570.0,0.35925288331757305,12.627055216205124,4.1419,9.80392156862745,Process industries
DSEBD:ADNTEL,ADNTEL,ADN TELECOM LTD,4842412330.0,75.1,0.2670226969292238,13891.0,0.05186051608138939,28.29158033527971,2.6545,1.33511348464619,Communications
DSEBD:GREENDELT,GREENDELT,GREEN DELTA INSURANCE PLC,4809033325.0,48.9,1.8749999999999971,1.0,1.3073313836664632e-05,9.123985446403582,5.3595,5.20833333333333,Finance
DSEBD:DOREENPWR,DOREENPWR,DOREEN POWER GENERATIONS AND SYSTEMS LTD,4690979745.0,25.8,-0.3861003861003779,26590.0,0.042199932137303595,9.831567715875314,2.6242,3.86100386100386,Utilities
DSEBD:FIRSTSBANK,FIRSTSBANK,FIRST SECURITY ISLAMI BANK PLC,4590929679.0,3.7,-2.631578947368412,264834.0,0.10301871833081948,,-8.3934,12.5313157894737,Finance
DSEBD:JMISMDL,JMISMDL,JMI SYRINGES & MEDICAL DEVICES LTD,4583539963.0,157.5,3.278688524590164,35585.0,0.9423544428496516,63.68782854832188,2.473,0.655737704918033,Health technology
DSEBD:KPCL,KPCL,KHULNA POWER CO LTD,4292062393.0,10.8,0.0,1001.0,0.004410571801333041,32.40324032403241,0.3333,9.25925925925926,Utilities
DSEBD:PIONEERINS,PIONEERINS,PIONEER INSURANCE CO LTD,4205461151.0000005,43.0,0.0,6701.0,0.020159021921921018,9.034182826648738,4.7597,5.81395348837209,Finance
DSEBD:TECHNODRUG,TECHNODRUG,TECHNO DRUGS LTD.,4144743480.0,31.3,-0.31847133757961105,55367.0,0.05455954599898798,,,3.82165605095541,Health technology
DSEBD:EASTRNLUB,EASTRNLUB,EASTERN LUBRICANTS BLENDERS PLC,4138766577.9999995,2650.0,1.6533046913959075,7290.0,0.5467718708748349,63.586367082897425,41.6756,0.253618090452261,Process industries
DSEBD:PRAGATIINS,PRAGATIINS,PRAGATI INSURANCE LTD,4076498470.0,51.7,-0.1930501930501821,70139.0,1.1991478987257804,9.834132237693069,5.2572,3.61539464816878,Finance
DSEBD:CVOPRL,CVOPRL,CVO PETROCHEMICAL REFINERY PLC,4023800487.0,146.2,0.8971704623878418,71012.0,0.22613543796943045,54.391904460731425,2.6879,0.690131124913734,Energy minerals
DSEBD:PRAGATILIF,PRAGATILIF,PRAGATI LIFE INSURANCE PLC,4016088599.0,124.6,0.9724473257698448,96484.0,0.45472904730013464,,,1.13452188006483,Finance
DSEBD:TAMIJTEX,TAMIJTEX,TAMIJUDDIN TEXTILE MILLS PLC,3929469360.0,136.5,4.437643458301463,53776.0,0.9607008743063966,20.215932820900164,6.7521,1.60673297628156,Consumer non-durables
DSEBD:FEKDIL,FEKDIL,FAR EAST KNITTING & DYEING INDUSTRIES PLC.,3784273994.0,17.3,0.0,471131.0,0.1556067524196893,,,8.09248554913295,Consumer non-durables
DSEBD:AFTABAUTO,AFTABAUTO,AFTAB AUTOMOBILES LTD,3746847164.0,35.6,0.28169014084507443,17681.0,0.04685739303178845,,-1.0279,2.8169014084507,Consumer durables
DSEBD:MONOSPOOL,MONOSPOOL,MONOSPOOL BANGLADESH PLC,3656067041.6,108.1,0.8395522388059622,80687.0,0.25531105662331993,28.977348880847067,3.7305,1.11940298507463,Process industries
DSEBD:INDEXAGRO,INDEXAGRO,INDEX AGRO INDUSTRIES LTD,3600727746.0,78.0,2.362204724409445,74580.0,0.5413763066202091,13.982503943783163,5.5784,3.28083989501312,Process industries
DSEBD:CITYGENINS,CITYGENINS,CITY INSURANCE PLC,3517371420.0,50.7,-1.744186046511625,32869.0,0.1145876184433459,16.22503840245776,3.1248,1.93798449612403,Finance
DSEBD:MIRAKHTER,MIRAKHTER,MIR AKHTER HOSSAIN LTD,3478233600.0,28.5,-1.041666666666669,38802.0,0.046698198360833304,14.443543482667748,1.9732,3.47222222222222,Industrial services
DSEBD:APEXFOOT,APEXFOOT,APEX FOOTWEAR LTD,3446358122.0,225.5,2.874087591240881,37454.0,0.7889154992174878,19.303697235847523,11.6817,1.45155930656934,Consumer non-durables
DSEBD:BBSCABLES,BBSCABLES,BBS CABLES PLC,3429698315.0,16.2,0.0,12310.0,0.027753635196389098,,-1.7861,0.617283950617284,Producer manufacturing
DSEBD:RUNNERAUTO,RUNNERAUTO,RUNNER AUTOMOBILES PLC,3428906041.0,29.7,-1.6556291390728477,33191.0,0.1009771273466056,9.604812107884353,3.0922,3.64238410596027,Consumer durables
DSEBD:FARCHEM,FARCHEM,FAR CHEMICALS INDUSTRIES LTD,3383450843.0,22.7,2.7149321266968225,10201.0,0.030025239332151083,70.30040260142458,0.3229,0.452488687782805,Process industries
DSEBD:EPGL,EPGL,ENERGYPAC POWER GENERATION PLC,3289819900.0,17.3,0.0,26240.0,0.04863852898107472,,-6.4062,0.0,Utilities
DSEBD:ECABLES,ECABLES,EASTERN CABLES LTD,3281520033.0,126.4,1.6894609814963866,13384.0,0.5044664731823151,,,0.160901045856798,Producer manufacturing
DSEBD:MONNOCERA,MONNOCERA,MONNO CERAMIC INDUSTRIES LTD,3278243087.0,87.4,0.5753739930955121,13306.0,0.0575681626341696,102.87193973634652,0.8496,0.115074798619102,Consumer durables
DSEBD:AMANFEED,AMANFEED,AMAN FEED LTD,3261162859.0,24.9,0.0,25001.0,0.08145683302636231,55.10068599247621,0.4519,4.01606425702811,Consumer non-durables
DSEBD:RAHIMAFOOD,RAHIMAFOOD,RAHIMA FOOD CORPORATION LTD,3234032014.0,162.6,0.5565862708719888,155397.0,0.26062407421321543,328.5512224691857,0.4949,0.618429189857761,Process industries
DSEBD:QUASEMIND,QUASEMIND,QUASEM INDUSTRIES LTD,3119966850.0,42.7,-0.4662004662004563,118170.0,0.15258929191699006,104.63121783876501,0.4081,0.34965034965035,Producer manufacturing
DSEBD:ESQUIRENIT,ESQUIRENIT,ESQUIRE KNIT COMPOSITE PLC,3062139200.0,22.6,-0.4405286343612241,14704.0,0.037223092493714305,8.887490660269771,2.5429,4.40528634361234,Process industries
DSEBD:KDSALTD,KDSALTD,KDS ACCESSORIES LTD,3027029858.0,40.4,-0.2469135802469171,49056.0,0.11985938219251596,18.23516136312345,2.2155,1.17577777777778,Consumer services
DSEBD:UNIONBANK,UNIONBANK,UNION BANK PLC,3005213246.0,2.9,0.0,40330.0,0.04120336296270263,,,17.2413793103448,Finance
DSEBD:GIB,GIB,GLOBAL ISLAMI BANK PLC,2962319064.0,3.0,0.0,8642.0,0.006426871910107697,,-12.6784,15.873,Finance
DSEBD:NHFIL,NHFIL,NATIONAL HOUSING FINANCE PLC,2925780106.0,25.1,0.40000000000000563,4004.0,0.005808935634410777,,-0.1233,4.0,Finance
DSEBD:SPCERAMICS,SPCERAMICS,SHINEPUKUR CERAMICS LTD,2924624323.0,19.9,0.0,86054.0,0.040764923804400964,,-1.1739,1.00502512562814,Consumer durables
DSEBD:POPULARLIF,POPULARLIF,POPULAR LIFE INSURANCE CO LTD,2912646997.0,48.3,0.207468879668038,7886.0,0.011333190482821807,,,4.149377593361,Finance
DSEBD:NTLTUBES,NTLTUBES,NATIONAL TUBES LTD,2844941284.0,82.1,0.4895960832313237,46970.0,0.14557872424438967,42.94382257558322,1.9118,0.489596083231334,Producer manufacturing
DSEBD:GENEXIL,GENEXIL,GENEX INFOSYS PLC,2830575466.0,23.6,0.4255319148936231,18916.0,0.07117218129416279,10.797456192524134,2.1857,1.27659574468085,Commercial services
DSEBD:DAFODILCOM,DAFODILCOM,DAFFODIL COMPUTERS PLC.,2780113242.0,55.9,0.3590664272890408,43063.0,0.42959639108305414,585.9538784067086,0.0954,0.897666068222621,Distribution services
DSEBD:SHEPHERD,SHEPHERD,SHEPHERD INDUSTRIES PLC,2757431629.0,18.0,0.5586592178771029,189210.0,0.18097216514004186,135.6443104747551,0.1327,0.558659217877095,Process industries
DSEBD:FORTUNE,FORTUNE,FORTUNE SHOES LTD.,2696463772.0,15.8,0.0,8860.0,0.030019967005142357,,-0.4454,0.632911392405063,Consumer non-durables
DSEBD:GHAIL,GHAIL,GOLDEN HARVEST AGRO INDUSTRIES LTD,2676386545.0,12.6,1.6129032258064457,217791.0,0.12951105712149366,,-0.9618,0.806451612903226,Consumer non-durables
DSEBD:RUPALILIFE,RUPALILIFE,RUPALI LIFE INSURANCE COMPANY LTD,2662262851.0,88.0,-0.789177001127399,51000.0,0.16223345202884035,,,1.35287485907554,Finance
DSEBD:SAIFPOWER,SAIFPOWER,SAIF POWERTEC LTD,2655370575.0,7.0,0.0,65427.0,0.1102139289302344,,,1.42857142857143,Producer manufacturing
DSEBD:LEGACYFOOT,LEGACYFOOT,LEGACY FOOTWEAR LTD,2623572000.0,63.7,4.597701149425294,408722.0,1.2376289190482328,568.242640499554,0.1121,0.164203612479475,Consumer non-durables
DSEBD:SHASHADNIM,SHASHADNIM,SHASHA DENIMS PLC,2623267867.0,18.7,0.5376344086021391,96782.0,0.1749742145261032,8.696056547619047,2.1504,5.37634408602151,Process industries
DSEBD:BARKAPOWER,BARKAPOWER,BARAKA POWER LTD,2566575522.0,10.9,0.0,77977.0,0.043279687508412136,48.08116453462726,0.2267,3.21100917431193,Utilities
DSEBD:BPPL,BPPL,BARAKA PATENGA POWER LTD,2491134895.0,14.4,0.0,110816.0,0.059137093450493255,,,1.38888888888889,Utilities
DSEBD:MEGHNALIFE,MEGHNALIFE,MEGHNA LIFE INSURANCE PLC,2476464915.0,58.5,0.1712328767123312,106545.0,0.14342291931769216,,,2.56849315068493,Finance
DSEBD:UNITEDFIN,UNITEDFIN,UNITED FINANCE PLC,2451201446.0,13.0,-0.7633587786259515,54887.0,0.06687382562339583,11.52788862286069,1.1277,7.63358778625954,Finance
DSEBD:ARGONDENIM,ARGONDENIM,ARGON DENIMS LTD,2444439604.0,17.7,0.568181818181806,28971.0,0.025237975351790596,11.079118678017025,1.5976,5.68181818181818,Consumer non-durables
DSEBD:SANDHANINS,SANDHANINS,SANDHANI LIFE INSURANCE CO LTD,2424339793.0,22.1,0.0,13700.0,0.016437688860946237,,,5.42986425339366,Finance
DSEBD:HWAWELLTEX,HWAWELLTEX,HWA WELL TEXTILES (BD)PLC,2413599915.0,44.3,2.784222737819016,518.0,0.024009937703945414,12.293262293262291,3.6036,4.64037122969838,Process industries
DSEBD:ACTIVEFINE,ACTIVEFINE,ACTIVE FINE CHEMICALS LTD,2375372095.0,9.8,-1.0101010101010066,115026.0,0.19876437972833547,,,0.0,Health technology
DSEBD:AMBEEPHA,AMBEEPHA,AMBEE PHARMACEUTICALS PLC,2337984058.0,820.0,1.0101010101010157,201.0,0.03314425169843662,195.2473927329873,4.1998,0.123183050012318,Health technology
DSEBD:NPOLYMER,NPOLYMER,NATIONAL POLYMER INDUSTRIES PLC,2291688180.0,31.2,-0.6369426751592334,6230.0,0.016590716868098872,23.255813953488374,1.3416,3.34394904458599,Producer manufacturing
DSEBD:INTRACO,INTRACO,INTRACO REFUELING STATION LTD,2280956500.0,21.5,0.0,62810.0,0.04815186458723595,18.981195373885406,1.1327,0.465116279069767,Distribution services
DSEBD:AIL,AIL,ALIF INDUSTRIES LTD,2263472781.0,46.6,0.21505376344086324,40475.0,0.04348167055557704,17.225446346061435,2.7053,1.95503439082912,Consumer non-durables
DSEBD:DSSL,DSSL,DRAGON SWEATER AND SPINNING LTD,2255487991.0,10.8,0.9345794392523498,181924.0,0.045833584011727005,37.591367908109994,0.2873,0.934579439252337,Consumer non-durables
DSEBD:MLDYEING,MLDYEING,M.L. DYEING LTD,2254609800.0,9.7,0.0,86653.0,0.05610890176244489,42.265795206971674,0.2295,0.0,Process industries
DSEBD:ANWARGALV,ANWARGALV,ANWAR GALVANIZING LTD,2212713084.0,76.6,4.502046384720323,267695.0,1.2552347360933378,,-3.9193,1.36425648021828,Non-energy minerals
DSEBD:GQBALLPEN,GQBALLPEN,GQ BALL PEN INDUSTRIES LTD,2201666994.0,246.1,-0.202757502027575,7767.0,0.09963862237770328,,,0.121654501216545,Producer manufacturing
DSEBD:EIL,EIL,EXPRESS INSURANCE LTD,2197154586.0,33.9,0.5934718100890081,44191.0,0.020376278969891977,29.419422025514184,1.1523,1.48367952522255,Finance
DSEBD:UTTARAFIN,UTTARAFIN,UTTARA FINANCE & INVESTMENTS LTD,2195741256.0,16.7,-2.33918128654972,32675.0,0.2585599772103218,,,0.0,Finance
DSEBD:SAIHAMCOT,SAIHAMCOT,SAIHAM COTTON MILLS LTD,2186992606.0,14.7,0.0,204307.0,0.09878798595508294,15.064562410329986,0.9758,3.40136054421769,Process industries
DSEBD:ATLASBANG,ATLASBANG,ATLAS BANGLADESH LTD,2140011225.0000002,64.6,0.7800312012480499,6447.0,0.5479533555449829,,,0.0,Consumer durables
DSEBD:FAREASTLIF,FAREASTLIF,FAREAST ISLAMI LIFE INSURANCE CO LTD,2122694129.9999998,27.8,-2.112676056338021,4772.0,0.08988036042551908,,,0.0,Finance
DSEBD:CENTRALINS,CENTRALINS,CENTRAL INSURANCE CO LTD,2083277180.0,38.6,-1.5306122448979627,6145.0,0.009016972451351645,22.169892596634313,1.7411,3.06122448979592,Finance
DSEBD:LRBDL,LRBDL,LUB-RREF (BANGLADESH) LTD,2062450600.0000002,14.1,-0.7042253521126736,12700.0,0.06332313847424144,,-1.027,0.704225352112676,Process industries
DSEBD:SSSTEEL,SSSTEEL,S.S. STEEL LTD,2058559200.0000002,5.7,-1.7241379310344769,35315.0,0.09793554695678773,311.4754098360656,0.0183,3.44827586206897,Non-energy minerals
DSEBD:SONALIANSH,SONALIANSH,SONALI AANSH INDUSTRIES LTD,2051356800.0,189.3,0.10576414595453043,18062.0,0.165952305480138,,,0.528820729772607,Process industries
DSEBD:WMSHIPYARD,WMSHIPYARD,WESTERN MARINE SHIPYARD LTD,2046272718.0,8.6,-1.1494252873563178,2.0,6.098386488902703e-06,,,0.0,Producer manufacturing
DSEBD:WATACHEM,WATACHEM,WATA CHEMICALS LTD ,2033663211.0,137.1,-0.07288629737608916,2546.0,0.05665432406451389,419.26605504587155,0.327,0.87463556851312,Process industries
DSEBD:BDFINANCE,BDFINANCE,BANGLADESH FINANCE PLC,2032951720.0,10.8,0.0,11305.0,0.041508889438016325,,,0.0,Finance
DSEBD:KAY&QUE,KAY&QUE,KAY & QUE (BANGLADESH) LTD,2022390060.0,292.4,1.1065006915629283,40204.0,0.2575190317735339,152.60163874536818,1.9161,0.101701244813278,Producer manufacturing
DSEBD:QUEENSOUTH,QUEENSOUTH,QUEEN SOUTH TEXTILE MILLS LTD,1999073100.0,13.1,0.0,22162.0,0.025803236640083736,,,1.52671755725191,Process industries
DSEBD:SUNLIFEINS,SUNLIFEINS,SUNLIFE INSURANCE COMPANY LTD,1952533553.0,53.5,-2.0146520146520173,123846.0,0.29407672124140716,,,0.0915750915750916,Finance
DSEBD:CRYSTALINS,CRYSTALINS,CRYSTAL INSURANCE COMPANY LTD,1944800034.0,44.0,-0.4524886877828118,7481.0,0.016279294460905317,,,2.71493212669683,Finance
DSEBD:GOLDENSON,GOLDENSON,GOLDEN SON LTD,1940546571.0,11.3,0.0,124785.0,0.1105393320176863,,-1.6242,1.32743362831858,Consumer non-durables
DSEBD:STANDARINS,STANDARINS,STANDARD INSURANCE LTD,1935357727.0,44.8,0.22371364653242576,10001.0,0.05457205328100761,18.641035243207252,2.4033,2.23713646532438,Finance
DSEBD:ICBIBANK,ICBIBANK,ICB ISLAMIC BANK LTD,1927636648.0,3.0,3.448275862068969,503.0,0.0017219463950898168,,-1.4245,0.0,Finance
DSEBD:SALAMCRST,SALAMCRST,S. ALAM COLD ROLLED STEELS LTD,1918236477.0,19.6,0.5128205128205201,34180.0,0.039704061860275856,,,0.0,Non-energy minerals
DSEBD:BEACHHATCH,BEACHHATCH,BEACH HATCHERY LTD,1908586100.0,46.1,0.0,92923.0,0.08340537870133055,13.505595593836057,3.4134,2.16919739696312,Process industries
DSEBD:PHARMAID,PHARMAID,PHARMA AIDS LTD ,1905072000.0,617.0,1.0481493612839792,3587.0,0.1106982600591296,36.26276102429076,17.0147,0.409433344251556,Process industries
DSEBD:EMERALDOIL,EMERALDOIL,EMERALD OIL INDUSTRIES LTD,1898457755.0,20.7,-0.48076923076923755,23287.0,0.14740137583901147,,,0.0,Consumer non-durables
DSEBD:NTC,NTC,NATIONAL TEA CO LTD,1895600777.0,174.8,1.864801864801875,15.0,0.0036527456471447703,,,0.0,Consumer non-durables
DSEBD:AGNISYSL,AGNISYSL,AGNI SYSTEMS PLC,1879205504.0,25.9,0.0,64640.0,0.047288646489055966,19.403655978423732,1.3348,1.85328185328185,Communications
DSEBD:ACFL,ACFL,AMAN COTTON FIBROUS LTD,1875500086.0,18.6,0.0,6777.0,0.027819169242515672,,-0.1906,5.37634408602151,Process industries
DSEBD:AMCLPRAN,AMCLPRAN,AGRICULTURAL MARKETING COMPANY LTD (PRAN),1857600000.0,233.7,0.6459948320413437,339.0,0.040683091914985536,43.963279280635085,5.3158,1.37812230835487,Consumer non-durables
DSEBD:RDFOOD,RDFOOD,RANGPUR DAIRY & FOOD PRODUCTS LTD,1838949585.0,23.4,-0.4255319148936231,30339.0,0.03569074094726395,27.73826458036984,0.8436,0.851063829787234,Consumer non-durables
DSEBD:GEMINISEA,GEMINISEA,GEMINI SEA FOOD PLC,1780239840.0,159.2,2.7096774193548314,105036.0,0.9364969543074793,,-7.1917,0.483870967741935,Consumer non-durables
DSEBD:BNICL,BNICL,BANGLADESH NATIONAL INSURANCE COMPANY LTD,1778850034.0,41.0,1.9900497512437738,1.0,4.26833666761566e-06,9.231531308400694,4.4413,4.97512437810945,Finance
DSEBD:FUWANGCER,FUWANGCER,FU-WANG CERAMIC INDUSTRY LTD,1771498154.0,13.0,0.0,67425.0,0.06436399022564647,85.13425016371971,0.1527,1.53846153846154,Producer manufacturing
DSEBD:UNITEDINS,UNITEDINS,UNITED INSURANCE CO LTD,1771099966.0,39.6,-0.5025125628140596,2401.0,0.015090141756829335,16.984045290787442,2.3316,3.76884422110553,Finance
DSEBD:BBS,BBS,BANGLADESH BUILDING SYSTEMS LTD,1759641150.0,10.8,0.0,28052.0,0.04314795494044218,,-0.1531,0.462962962962963,Producer manufacturing
DSEBD:BENGALWTL,BENGALWTL,BENGAL WINDSOR THERMOPLASTICS PLC,1756339230.0,19.1,-0.5208333333333223,6715.0,0.0186991152241429,34.949679780420865,0.5465,2.60416666666667,Producer manufacturing
DSEBD:CLICL,CLICL,CHARTERED LIFE INSURANCE PLC,1740000057.0,46.2,-0.4310344827586115,2380.0,0.011537950646658503,1.3132051016028492,35.1811,0.538793103448276,Finance
DSEBD:OIMEX,OIMEX,OIMEX ELECTRODE LTD,1739417657.0,23.7,-0.4201680672268967,139440.0,0.1817406436934537,,,1.26050420168067,Producer manufacturing
DSEBD:BGIC,BGIC,BANGLADESH GENERAL INSURANCE COMPANY PLC,1718066700.0,32.3,1.5723270440251462,1.0,6.9631918714483374e-06,,,3.14465408805031,Finance
DSEBD:RAHIMTEXT,RAHIMTEXT,RAHIM TEXTILE MILLS LTD ,1710310144.0,198.8,9.95575221238938,62434.0,0.7015639502610326,166.42946839681878,1.1945,0.553097345132743,Process industries
DSEBD:AAMRANET,AAMRANET,AAMRA NETWORKS LTD,1701532170.0,18.2,-0.5464480874317017,30173.0,0.1392863358318056,22.617124394184167,0.8047,5.46448087431694,Communications
DSEBD:MAKSONSPIN,MAKSONSPIN,MAKSONS SPINNING MILLS PLC,1691450931.0,7.2,1.4084507042253596,22118.0,0.026999037126300637,,,0.0,Process industries
DSEBD:NAVANACNG,NAVANACNG,NAVANA CNG LTD,1684826770.0,22.2,-0.44843049327354895,500.0,0.0063445738032548195,211.22740247383445,0.1051,4.48430493273543,Utilities
DSEBD:FUWANGFOOD,FUWANGFOOD,FU-WANG FOODS LTD,1662585000.0,14.9,-0.6666666666666643,120320.0,0.11994922495075472,,,0.0,Consumer non-durables
DSEBD:MONNOAGML,MONNOAGML,MONNO AGRO & GENERAL MACHINERY LTD,1653616031.0,384.0,2.182011708355505,16603.0,0.40966840127418397,189.91097922848667,2.022,0.0,Producer manufacturing
DSEBD:SALVOCHEM,SALVOCHEM,SALVO CHEMICAL INDUSTRY LTD,1651579010.0,25.5,0.39370078740158043,77204.0,0.06018893200039955,320.35175879396985,0.0796,0.984251968503937,Process industries
DSEBD:RUPALIINS,RUPALIINS,RUPALI INSURANCE CO LTD,1648306377.0,21.5,0.0,365.0,0.0008660808796154695,,,4.65116279069767,Finance
DSEBD:ETL,ETL,EVINCE TEXTILES LTD,1646567963.0,9.0,0.0,51030.0,0.0282514323221521,32.798833819241985,0.2744,2.77777777777778,Process industries
DSEBD:AOL,AOL,ASSOCIATED OXYGEN LTD,1635751724.0,14.9,0.0,15515.0,0.06654499990349581,,,0.0,Process industries
DSEBD:ISLAMIINS,ISLAMIINS,ISLAMI INSURANCE BANGLADESH LTD,1626025974.0,38.9,-1.5189873417721556,1501.0,0.024359172015352506,11.153162451975456,3.4878,5.06329113924051,Finance
DSEBD:BDTHAI,BDTHAI,BANGLADESH THAI ALUMINIUM,1622745692.0,12.6,-0.7874015748031469,58060.0,0.05741888939051013,,-1.6602,0.196850393700787,Non-energy minerals
DSEBD:MONNOFABR,MONNOFABR,MONNO FABRICS LTD,1621500000.0,14.1,0.0,50693.0,0.05322990535108973,151.9396551724138,0.0928,0.709219858156028,Process industries
DSEBD:SILCOPHL,SILCOPHL,SILCO PHARMACEUTICALS LTD,1609008500.0,15.4,-0.6451612903225784,18244.0,0.0276990604273435,,,0.645161290322581,Health technology
DSEBD:PEOPLESINS,PEOPLESINS,PEOPLES INSURANCE CO LTD,1603140000.0,34.2,-1.440922190201729,12591.0,0.025476694015010428,10.6449203187251,3.2128,3.02593659942363,Finance
DSEBD:PARAMOUNT,PARAMOUNT,PARAMOUNT INSURANCE PLC.,1594066721.0,39.2,0.0,5650.0,0.022110344314804367,17.165878437554742,2.2836,2.55102040816326,Finance
DSEBD:EASTLAND,EASTLAND,EASTLAND INSURANCE PLC,1585343340.0,19.4,2.6455026455026456,10001.0,0.03308132296183201,18.52559205500382,1.0472,5.29100529100529,Finance
DSEBD:MHSML,MHSML,MOZAFFAR HOSSAIN SPINNING MILLS LTD,1575496730.0,15.7,0.6410256410256387,44353.0,0.04603014516313493,18.954485089943255,0.8283,1.92307692307692,Process industries
DSEBD:RANFOUNDRY,RANFOUNDRY,RANGPUR FOUNDRY LTD,1573000000.0,157.0,-0.19071837253656157,1465.0,0.13364959175295352,40.39936184447532,3.8862,1.46217418944692,Electronic technology
DSEBD:BDLAMPS,BDLAMPS,BANGLADESH LAMPS PLC,1570759194.0,154.0,3.217158176943707,38895.0,0.5599827232480293,,-6.1588,0.319162198391421,Producer manufacturing
DSEBD:REPUBLIC,REPUBLIC,REPUBLIC INSURANCE COMPANY LTD,1564538853.0,28.5,-0.3496503496503546,2500.0,0.01577812671981581,15.0,1.9,1.99800344417497,Finance
DSEBD:RINGSHINE,RINGSHINE,RING SHINE TEXTILES LTD,1550970300.0,3.1,0.0,40005.0,0.08746856717937977,,-3.0972,0.0,Process industries
DSEBD:EGEN,EGEN,EGENERATION PLC,1545000000.0,20.7,0.4854368932038731,13667.0,0.018127833924794758,,,4.85436893203884,Commercial services
DSEBD:IBP,IBP,INDO-BANGLA PHARMACEUTICALS LTD,1533906000.0,13.2,0.0,71882.0,0.03434462245211014,,-0.396,0.0757575757575758,Health technology
DSEBD:FEDERALINS,FEDERALINS,FEDERAL INSURANCE PLC,1520247440.0,21.8,1.8691588785046829,201.0,0.00031209120516114953,,,4.67289719626168,Finance
DSEBD:ALIF,ALIF,ALIF MANUFACTURING COMPANY LTD,1507576661.0,5.7,-1.7241379310344769,61708.0,0.11994260605964009,20.452099031216363,0.2787,1.72413793103448,Process industries
DSEBD:DHAKAINS,DHAKAINS,DHAKA INSURANCE LTD,1476599969.0,36.8,0.0,2664.0,0.022816247840635268,6.28372378935865,5.8564,2.71739130434783,Finance
DSEBD:SILVAPHL,SILVAPHL,SILVA PHARMACEUTICALS LTD,1474200026.0,10.8,0.0,1957.0,0.0044193679874713065,,-0.9638,0.925925925925926,Health technology
DSEBD:NAHEEACP,NAHEEACP,NAHEE ALUMINUM COMPOSITE PANEL PLC,1462908280.0,21.2,-0.9345794392523332,45191.0,0.07913583271415865,78.46039970392302,0.2702,1.86915887850467,Non-energy minerals
DSEBD:SAMORITA,SAMORITA,SAMORITA HOSPITAL LTD,1456300026.0,67.2,0.5988023952095893,22308.0,0.1352297505451199,125.88984638441363,0.5338,0.748502994011976,Health services
DSEBD:TAKAFULINS,TAKAFULINS,TAKAFUL ISLAMI INSURANCE PLC,1447957153.0,34.7,2.058823529411773,1.0,2.809304416226535e-05,23.351278600269183,1.486,2.94117647058824,Finance
DSEBD:HAKKANIPUL,HAKKANIPUL,HAKKANI PULP & PAPER MILLS PLC,1447800000.0,75.9,-0.39370078740157105,411831.0,0.58749399604363,260.91440357511175,0.2909,0.26246719160105,Process industries
DSEBD:PRIMEINSUR,PRIMEINSUR,PRIME INSURANCE CO LTD,1447063500.0,36.3,2.542372881355928,469.0,0.0010589328891685598,19.005235602094242,1.91,2.82485875706215,Finance
DSEBD:KTL,KTL,KATTALI TEXTILE LTD,1442182000.0,12.2,-1.6129032258064602,667841.0,0.25116048350125925,,,0.201612903225806,Consumer non-durables
DSEBD:DACCADYE,DACCADYE,THE DACCA DYEING & MANUFACTURING CO LTD,1429316547.0,16.4,0.0,7300.0,0.055116843934013816,,,0.0,Process industries
DSEBD:ADVENT,ADVENT,ADVENT PHARMA LTD,1424930310.0,15.4,0.6535947712418277,4420.0,0.010902327967677884,29.462406734264395,0.5227,0.65359477124183,Health technology
DSEBD:BDCOM,BDCOM,BDCOM ONLINE LTD,1420597541.0,23.6,-0.4219409282700332,3055.0,0.010015572494057767,28.759444309042166,0.8206,2.00924050632911,Technology services
DSEBD:GHCL,GHCL,GLOBAL HEAVY CHEMICALS LTD ,1418400055.0,19.7,0.0,3.0,3.816944434195242e-05,,-4.4462,0.0,Process industries
DSEBD:ASIAPACINS,ASIAPACINS,ASIA PACIFIC GENERAL INSURANCE CO LTD,1384844982.0,34.0,3.9755351681957096,1.0,9.173411417411319e-06,20.592332384470957,1.6511,3.05810397553517,Finance
DSEBD:COPPERTECH,COPPERTECH,COPPERTECH INDUSTRIES LTD,1382472000.0,21.3,0.9478672985781956,2401.0,0.003870440042112193,25.57944037468476,0.8327,1.8957345971564,Non-energy minerals
DSEBD:KARNAPHULI,KARNAPHULI,KARNAPHULI INSURANCE PLC,1373208660.0,30.9,0.9803921568627357,84531.0,0.04396178755365139,14.462229710755405,2.1366,3.26797385620915,Finance
DSEBD:RENWICKJA,RENWICKJA,RENWICK JAJNESWAR & CO (BD) LTD,1362800000.0,681.4,-2.1679827709978494,156.0,0.8803611738148984,,,0.0,Process industries
DSEBD:TOSRIFA,TOSRIFA,TOSRIFA INDUSTRIES LTD,1352223953.0,19.6,0.5128205128205201,12116.0,0.020483204820214075,29.823493609251372,0.6572,1.79487179487179,Consumer non-durables
DSEBD:PROVATIINS,PROVATIINS,PROVATI INSURANCE CO LTD,1346428770.0,33.8,1.1976047904191574,2396.0,0.00396708051683311,18.785083087867502,1.7993,2.9940119760479,Finance
DSEBD:MEGHNACEM,MEGHNACEM,MEGHNA CEMENT MILLS PLC,1345671312.0,42.6,0.0,10.0,0.00026640168578986705,,-32.5903,0.0,Non-energy minerals
DSEBD:SIMTEX,SIMTEX,SIMTEX INDUSTRIES PLC,1345162260.0,17.0,0.5917159763313694,175094.0,0.10471102116778015,17.52577319587629,0.97,5.91715976331361,Process industries
DSEBD:SINOBANGLA,SINOBANGLA,SINOBANGLA INDUSTRIES LTD,1342064070.0,45.7,3.160270880361187,384614.0,0.9349047068769631,35.544839387104304,1.2857,2.25733634311512,Process industries
DSEBD:APOLOISPAT,APOLOISPAT,APPOLLO ISPAT COMPLEX LTD,1324318340.0,3.4,3.030303030303033,360.0,0.0016236043204111074,,,0.0,Non-energy minerals
DSEBD:SAIHAMTEX,SAIHAMTEX,SAIHAM TEXTILE MILLS LTD ,1322212423.0,14.6,0.0,37610.0,0.0733323376305833,26.62290299051787,0.5484,3.42465753424658,Process industries
DSEBD:NORTHRNINS,NORTHRNINS,NORTHERN ISLAMI INSURANCE PLC,1318182074.0,30.9,0.6514657980456003,27865.0,0.6053226685899207,,,3.23624595469256,Finance
DSEBD:APEXFOODS,APEXFOODS,APEX FOODS LTD,1291023264.0,239.3,5.697879858657246,29149.0,1.5003216923591631,52.73364331518985,4.5379,0.88339222614841,Consumer non-durables
DSEBD:GENNEXT,GENNEXT,GENERATION NEXT FASHIONS LTD,1286933778.0,2.7,3.8461538461538494,10430.0,0.01692120122682781,,,0.0,Process industries
DSEBD:KPPL,KPPL,KHULNA PRINTING & PACKAGING LTD,1285504044.0,17.7,0.568181818181806,8026.0,0.01968177613683963,,,0.0,Process industries
DSEBD:CENTRALPHL,CENTRALPHL,CENTRAL PHARMACEUTICALS LTD,1281869071.0,10.7,0.0,13311.0,0.019512087863762708,,,0.0,Health technology
DSEBD:DOMINAGE,DOMINAGE,DOMINAGE STEEL BUILDING SYSTEMS LTD,1272239942.0,12.6,1.6129032258064457,440572.0,0.13096347114611998,96.77419354838709,0.1302,0.201612903225806,Industrial services
DSEBD:PENINSULA,PENINSULA,THE PENINSULA CHITTAGONG PLC,1269734671.0,10.8,0.9345794392523498,127.0,0.0013578864871049872,,-1.0826,0.0,Consumer services
DSEBD:APEXSPINN,APEXSPINN,APEX SPINNING & KNITTING MILLS LTD,1264200000.0,156.6,4.053156146179398,119343.0,0.5124236203574852,42.03124161253959,3.7258,1.32890365448505,Consumer non-durables
DSEBD:ASIAINS,ASIAINS,ASIA INSURANCE LTD,1261472071.0,26.3,-1.8656716417910446,3161.0,0.01454385840603724,,,3.73134328358209,Finance
DSEBD:PRIMELIFE,PRIMELIFE,PRIME ISLAMI LIFE INSURANCE LTD,1242173435.0,40.2,-1.2285012285012284,4203.0,0.020359544814250053,,-7.6208,0.245700245700246,Finance
DSEBD:ARAMIT,ARAMIT,ARAMIT LTD,1239600037.0,209.0,1.1616650532429844,5871.0,0.22140430137533895,56.146572104018915,3.7224,0.968054211035818,Non-energy minerals
DSEBD:PDL,PDL,PACIFIC DENIMS LTD,1223545176.0,6.6,0.0,16242.0,0.06584874006815876,,,0.0,Process industries
DSEBD:OAL,OAL,OLYMPIC ACCESSORIES LTD,1220594096.0,7.2,0.0,4906.0,0.019533108539345416,,-0.8028,0.0,Producer manufacturing
DSEBD:JANATAINS,JANATAINS,JANATA INSURANCE PLC,1212065971.06925,24.9,-0.40000000000000563,17182.0,0.06309191292212536,21.593964096782585,1.1531,4.23076,Finance
DSEBD:ISLAMICFIN,ISLAMICFIN,ISLAMIC FINANCE & INVESTMENT PLC,1178744020.0,8.3,-1.1904761904761862,100.0,0.00021156163160561677,,,0.0,Finance
DSEBD:PRIMEFIN,PRIMEFIN,PRIME FINANCE & INVESTMENT LTD,1173540888.0,4.3,0.0,6.0,1.3792313957201094e-05,,,0.0,Finance
DSEBD:NITOLINS,NITOLINS,NITOL INSURANCE CO LTD,1169439225.0,28.3,2.1660649819494635,739.0,0.005110335532598616,14.825292053014826,1.9089,1.6372202166065,Finance
DSEBD:DESHBANDHU,DESHBANDHU,DESHBANDHU POLYMER LTD,1153664782.0,18.9,0.5319148936170099,40315.0,0.09094758517975077,,,0.531914893617021,Health technology
DSEBD:SONARBAINS,SONARBAINS,SONAR BANGLA INSURANCE LTD,1130970517.0,27.0,0.3717472118959161,45776.0,0.11365608556384474,,,3.71747211895911,Finance
DSEBD:GLOBALINS,GLOBALINS,GLOBAL INSURANCE COMPANY LTD,1127338942.0,27.5,-1.0791366906474844,2001.0,0.002869151218751194,17.38745574102175,1.5816,3.59712230215827,Finance
DSEBD:MERCINS,MERCINS,MERCANTILE INSURANCE COMPANY PLC,1116169802.0,26.2,1.158301158301161,10.0,0.00020373694300866805,13.640860103087416,1.9207,3.86100386100386,Finance
DSEBD:APEXTANRY,APEXTANRY,APEX TANNERY LTD ,1097279984.0,79.2,10.000000000000004,124434.0,2.748398126122306,,-18.3032,0.694444444444444,Process industries
DSEBD:PHENIXINS,PHENIXINS,PHOENIX INSURANCE CO LTD,1089223200.0,27.0,-0.7352941176470562,184830.0,1.4808434951207397,19.127231510342874,1.4116,3.7037037037037,Finance
DSEBD:PURABIGEN,PURABIGEN,PURABI GENERAL INSURANCE CO LTD,1076625000.0,18.5,2.7777777777777777,10.0,0.00017221663474918384,,,5.55555555555556,Finance
DSEBD:YPL,YPL,YEAKIN POLYMER LTD,1053893169.0,14.3,0.0,96509.0,0.619087543644809,,,0.0,Consumer durables
DSEBD:MIRACLEIND,MIRACLEIND,MIRACLE INDUSTRIES LTD,1053021189.9999999,29.6,-1.0033444816053416,30722.0,0.19215589633764196,,-2.7188,0.0,Process industries
DSEBD:RSRMSTEEL,RSRMSTEEL,RATANPUR STEEL RE-ROLLING MILLS LTD,1052366465.0000001,10.4,0.0,10029.0,0.19181042726542477,,,0.0,Producer manufacturing
DSEBD:MIDASFIN,MIDASFIN,MIDAS FINANCING PLC,1050415291.0,7.5,2.739726027397263,1.0,1.114911721289906e-05,,-2.8813,0.0,Finance
DSEBD:STYLECRAFT,STYLECRAFT,STYLECRAFT LTD ,1044133184.9999999,76.7,1.9946808510638296,183017.0,0.690740967891077,,-3.4019,0.0,Consumer non-durables
DSEBD:CONTININS,CONTININS,CONTINENTAL INSURANCE PLC,1039716617.9999999,23.7,-0.4201680672268967,8098.0,0.020696737337496898,18.475210477081387,1.2828,2.10084033613445,Finance
DSEBD:DSHGARME,DSHGARME,DESH GARMENTS LTD ,1016979318.0,125.0,1.8744906275468598,88488.0,0.4480743104163301,211.11298767100155,0.5921,0.244498777506112,Consumer non-durables
DSEBD:NFML,NFML,NATIONAL FEED MILL LTD,970957777.0,10.3,-0.9615384615384581,3097.0,0.0477586438210613,,,0.0,Process industries
DSEBD:PHPMF1,PHPMF1,PHP FIRST MUTUAL FUND,958437050.0,3.5,2.941176470588238,179742.0,0.2566184816361495,,,,Miscellaneous
DSEBD:AFCAGRO,AFCAGRO,AFC AGRO BIOTECH LTD,956294497.0,8.3,0.0,4777.0,0.0531478739181565,,,0.0,Health technology
DSEBD:AGRANINS,AGRANINS,AGRANI INSURANCE CO LTD,918476841.0,25.5,0.0,1730.0,0.01267676949016671,16.216216216216218,1.5725,2.35294117647059,Finance
DSEBD:DGIC,DGIC,DESH GENERAL INSURANCE COMPANY LTD,904000015.0,22.4,-0.8849557522124019,9428.0,0.01600035299887821,,,0.442477876106195,Finance
DSEBD:BANGAS,BANGAS,BANGAS LTD,887508096.0,116.0,-0.3436426116838536,31604.0,0.19117581230363115,,,0.343642611683849,Consumer non-durables
DSEBD:SAMATALETH,SAMATALETH,SAMATA LEATHER COMPLEX LTD,870533295.0,84.0,1.571946795646913,43445.0,0.24731001615527273,,,0.0483675937122128,Process industries
DSEBD:SKTRIMS,SKTRIMS,SK TRIMS & INDUSTRIES LTD,846999969.0,10.1,0.9999999999999963,1800.0,0.02317431461964501,,,1.75,Process industries
DSEBD:GSPFINANCE,GSPFINANCE,GSP FINANCE COMPANY (BANGLADESH) LTD,844243698.0,4.9,-1.9999999999999927,17896.0,0.08448495383210673,,,0.0,Finance
DSEBD:SICL,SICL,SIKDER INSURANCE COMPANY LIMITED,844000000.0,21.2,0.47393364928908943,4344.0,0.01019880389442172,,,2.3696682464455,Finance
DSEBD:PROGRESLIF,PROGRESLIF,PROGRESSIVE LIFE INSURANCE CO LTD,833824320.0,51.5,2.7944111776447076,5020.0,0.08989633269522457,,,0.499001996007984,Finance
DSEBD:UNIONCAP,UNIONCAP,UNION CAPITAL LTD,828354452.0,4.9,2.0833333333333446,1600.0,0.007202519081048621,,,0.0,Finance
DSEBD:AAMRATECH,AAMRATECH,AAMRA TECHNOLOGIES LTD,815313240.0,12.7,0.7936507936507908,658.0,0.012331842767130707,,-1.382,0.793650793650794,Technology services
DSEBD:FAMILYTEX,FAMILYTEX,FAMILYTEX (BD) LTD,814568834.0,2.3,0.0,25503.0,0.061218420112038346,,,0.0,Consumer non-durables
DSEBD:PADMALIFE,PADMALIFE,PADMA ISLAMI LIFE INSURANCE LIMITED,808703993.0,20.3,-2.4038461538461537,295.0,0.0033890204926601856,,,0.0,Finance
DSEBD:ZAHEENSPIN,ZAHEENSPIN,ZAHEEN SPINNING PLC,785415758.0,7.0,1.4492753623188355,472.0,0.0006335302601299395,,,0.0,Process industries
DSEBD:VFSTDL,VFSTDL,VFS THREAD DYEING LTD,781292000.0,7.4,0.0,1302.0,0.006301325311000894,,,0.0,Process industries
DSEBD:HRTEX,HRTEX,H.R.TEXTILE MILLS LTD,771447600.0,26.7,1.1363636363636391,23010.0,0.04071012181721067,,,0.0,Consumer non-durables
DSEBD:CNATEX,CNATEX,C & A TEXTILES LTD,765811193.0,3.2,0.0,105725.0,0.23774508150456428,,,0.0,Process industries
DSEBD:HFL,HFL,HAMID FABRICS PLC,764881386.0,8.4,0.0,81924.0,0.9465292540900268,,,0.0,Process industries
DSEBD:GBBPOWER,GBBPOWER,GBB POWER LTD,743165995.0,7.3,0.0,1912.0,0.019015906925489306,40.8505875769446,0.1787,0.0,Utilities
DSEBD:METROSPIN,METROSPIN,METRO SPINNING LTD,709530450.0,11.5,0.0,71705.0,0.4754749610595205,,-6.666,0.0,Process industries
DSEBD:BAYLEASING,BAYLEASING,BAY LEASING & INVESTMENT LTD,665697876.0,4.6,2.2222222222222143,2.0,9.285206252286482e-06,,,0.0,Finance
DSEBD:INTECH,INTECH,INTECH LTD,645216720.0,20.9,1.4563106796116367,64808.0,0.1432554676824181,,,0.0970873786407767,Communications
DSEBD:ILFSL,ILFSL,INTERNATIONAL LEASING & FINANCIAL SERVICES LTD,621068709.0,2.8,-3.448275862068969,208238.0,1.7452105561780553,,-39.6548,0.0,Finance
DSEBD:PLFSL,PLFSL,PEOPLE'S LEASING & FINANCIAL SERVICES LTD,599425196.0,2.1,0.0,25000.0,0.03326691925573116,,,0.0,Finance
DSEBD:BIFC,BIFC,BANGLADESH INDUSTRIAL FINANCE CO LTD,594011696.0,6.1,3.3898305084745637,1.0,2.6860564125567633e-05,,,0.0,Finance
DSEBD:ALLTEX,ALLTEX,ALLTEX INDUSTRIES LTD,587664000.0,10.5,-2.7777777777777843,45082.0,1.1919801380710768,,,0.0,Process industries
DSEBD:USMANIAGL,USMANIAGL,USMANIA GLASS SHEET FACTORY LTD,585006240.0,34.0,1.1904761904761862,2002.0,0.19149648476732486,,,0.0,Process industries
DSEBD:PHOENIXFIN,PHOENIXFIN,PHOENIX FINANCE AND INVESTMENTS LTD,580559669.0,3.5,0.0,57681.0,0.2896705707234909,,,0.0,Finance
DSEBD:FAREASTFIN,FAREASTFIN,FAREAST FINANCE & INVESTMENT LTD,557815317.0,3.6,5.882352941176476,500.0,0.0020253090722909648,,-5.1615,0.0,Finance
DSEBD:NEWLINE,NEWLINE,NEW LINE CLOTHINGS LTD,541875266.0,7.0,1.4492753623188355,103308.0,0.3503037199848894,,,0.0,Consumer non-durables
DSEBD:PRIMETEX,PRIMETEX,PRIME TEXTILE SPINNING MILLS LTD,523340000.00000006,13.9,1.4598540145985481,1860.0,0.060452418096723866,,,0.0,Process industries
DSEBD:ZEALBANGLA,ZEALBANGLA,ZEAL BANGLA SUGAR MILLS LTD,521400000.0,86.9,0.34642032332564826,1170.0,0.40229687446274454,,,0.0,Process industries
DSEBD:TALLUSPIN,TALLUSPIN,TALLU SPINNING MILLS LTD ,491344700.0,5.6,1.818181818181812,45046.0,0.41735382517205216,,,0.0,Process industries
DSEBD:REGENTTEX,REGENTTEX,REGENT TEXTILE MILLS LTD,488726114.0,3.8,0.0,500.0,0.008428831999892111,,,0.0,Process industries
DSEBD:IFILISLMF1,IFILISLMF1,IFIL ISLAMIC MUTUAL FUND - 1,470000000.0,4.6,-2.1276595744680966,10202.0,0.02079198255283236,,,,Miscellaneous
DSEBD:STANCERAM,STANCERAM,STANDARD CERAMIC INDUSTRIES LTD,462582540.0,78.7,9.91620111731845,16893.0,6.179084823877976,,,0.0,Consumer durables
DSEBD:ARAMITCEM,ARAMITCEM,ARAMIT CEMENT LTD,433664000.0,12.8,-1.538461538461533,10042.0,0.13411256266910979,,-8.2929,0.0,Non-energy minerals
DSEBD:FASFIN,FASFIN,FAS FINANCE & INVESTMENT LTD,417416607.0,2.8,0.0,38671.0,0.10165621477481104,,,0.0,Finance
DSEBD:SHURWID,SHURWID,SHURWID INDUSTRIES LTD,390100725.0,6.9,1.4705882352941255,3000.0,0.040444675728070964,,,0.0,Process industries
DSEBD:NURANI,NURANI,NURANI DYEING & SWEATER LTD ,380137500.0,3.1,3.333333333333336,54908.0,0.7543965706748813,,,0.0,Consumer non-durables
DSEBD:PREMIERLEA,PREMIERLEA,PREMIER LEASING & FINANCE LTD,372316552.0,2.8,0.0,11010.0,0.15345567974175003,,,0.0,Finance
DSEBD:ZAHINTEX,ZAHINTEX,ZAHINTEX INDUSTRIES LTD,360045638.0,4.4,0.0,28953.0,0.6842092825408468,,,0.0,Consumer non-durables
DSEBD:TUNGHAI,TUNGHAI,TUNG HAI KNITTING & DYEING LTD,287963187.0,2.8,3.7037037037036904,1.0,9.032256899063535e-06,,,0.0,Consumer non-durables
DSEBD:ICBSONALI1,ICBSONALI1,ICB AMCL SONALI BANK LTD 1ST MUTUAL FUND,,5.4,-1.818181818181812,90455.0,0.03883385523951158,,,,Miscellaneous
DSEBD:LRGLOBMF1,LRGLOBMF1,LR GLOBAL BANGLADESH MUTUAL FUND ONE,,3.8,0.0,33100.0,0.1828938447656721,,,,Miscellaneous
DSEBD:GREENDELMF,GREENDELMF,GREEN DELTA MUTUAL FUND,,4.1,0.0,2000.0,0.0063880701512311735,,,,Miscellaneous
DSEBD:DULAMIACOT,DULAMIACOT,DULAMIA COTTON SPINNING MILLS LTD,,103.9,4.527162977867203,8451.0,0.3128725334123135,,,,Process industries
DSEBD:DELTASPINN,DELTASPINN,DELTA SPINNERS LTD,,5.7,0.0,31001.0,0.10640181934377485,,,,Process industries
DSEBD:1STPRIMFMF,1STPRIMFMF,PRIME FINANCE FIRST MUTUAL FUND,,21.5,0.0,22215.0,0.01980230321778736,,,,
DSEBD:ANLIMAYARN,ANLIMAYARN,ANLIMAYARN DYEING LTD.,,21.2,0.952380952380949,80.0,0.0039288678476188605,,,,Process industries
DSEBD:EASTERNINS,EASTERNINS,EASTERN INSURANCE CO LTD,,46.2,1.7621145374449434,1690.0,0.01522595223015153,,,,Finance
DSEBD:FIRSTFIN,FIRSTFIN,FIRST FINANCE LTD,,3.0,0.0,101.0,0.0015086493406007244,,,,Finance
DSEBD:FBFIF,FBFIF,FIRST BANGLADESH FIXED INCOME FUND,,3.6,2.85714285714286,150061.0,0.22160575231889887,,,,Miscellaneous
DSEBD:ABB1STMF,ABB1STMF,AB BANK 1ST MUTUAL FUND,,3.7,2.77777777777778,348484.0,0.13487601422420922,,,,Miscellaneous
DSEBD:AZIZPIPES,AZIZPIPES,AZIZ PIPES LTD,,55.5,2.209944751381221,12.0,0.0005798137831399816,,,,Producer manufacturing
DSEBD:BDAUTOCA,BDAUTOCA,BANGLADESH AUTOCARS LTD,,116.1,1.2205754141237937,26358.0,0.43799477556880495,,,,Energy minerals
DSEBD:FINEFOODS,FINEFOODS,FINE FOODS LTD,,260.0,0.5025125628140747,31201.0,0.20325245621417645,,,,Process industries
DSEBD:EBLNRBMF,EBLNRBMF,EBL NRB MUTUAL FUND,,3.5,0.0,89988.0,0.3006234760115575,,,,Miscellaneous
DSEBD:CAPMIBBLMF,CAPMIBBLMF,CAPM IBBL ISLAMIC MUTUAL FUND,,8.5,-1.1627906976744147,140044.0,0.7655162386042245,,,,Miscellaneous
DSEBD:POPULAR1MF,POPULAR1MF,POPULAR LIFE FIRST MUTUAL FUND,,3.5,-2.77777777777778,66648.0,0.1993944688438663,,,,Miscellaneous
DSEBD:EBL1STMF,EBL1STMF,EBL FIRST MUTUAL FUND,,4.4,0.0,5347.0,0.013329328136549008,,,,Miscellaneous
DSEBD:BDTHAIFOOD,BDTHAIFOOD,BD THAI FOOD & BEVERAGE LTD,,14.5,0.694444444444442,43444.0,0.0493962422517064,,,,Consumer non-durables
DSEBD:ICBAGRANI1,ICBAGRANI1,ICB AMCL FIRST AGRANI BANK MUTUAL FUND,,7.2,-1.3698630136986254,38610.0,0.1940586196757648,,,,Miscellaneous
DSEBD:ICB3RDNRB,ICB3RDNRB,ICB AMCL THIRD NRB MUTUAL FUND,,4.8,2.1276595744680775,5001.0,0.019521895087672866,,,,
DSEBD:TRUSTB1MF,TRUSTB1MF,TRUST BANK 1ST MUTUAL FUND,,3.7,0.0,1100.0,0.002119712906084006,,,,Miscellaneous
DSEBD:LIBRAINFU,LIBRAINFU,LIBRA INFUSIONS LTD,,773.9,0.1423395445134605,1001.0,0.0993558248717112,,,,Health technology
DSEBD:VAMLRBBF,VAMLRBBF,VANGUARD AML RUPALI BANK BALANCED FUND,,6.4,6.666666666666672,5.0,3.1620973306206754e-05,,,,Miscellaneous
DSEBD:MEGHNAPET,MEGHNAPET,MEGHNA PET INDUSTRIES LTD,,24.8,-1.5873015873015817,1203.0,0.08638641945166525,,,,Consumer non-durables
DSEBD:MITHUNKNIT,MITHUNKNIT,MITHUN KNITTING AND DYEING LTD,,16.0,3.225806451612903,12158.0,0.3549376859277328,,,,Process industries
DSEBD:IFIC1STMF,IFIC1STMF,IFIC BANK 1ST MUTUAL FUND,,4.0,5.263157894736848,1054525.0,0.82794312868247,,,,Miscellaneous
DSEBD:SONALILIFE,SONALILIFE,SONALI LIFE INSURANCE COMPANY LTD,,62.7,0.0,10501.0,0.14915239792910964,,,,Finance
DSEBD:MEGCONMILK,MEGCONMILK,MEGHNA CONDENSED MILK INDUSTRIES LTD,,17.5,0.0,6515.0,0.15851620076934494,,,,Consumer non-durables
DSEBD:SIPLC,SIPLC,SENA INSURANCE PLC,,47.6,0.6342494714587829,11.0,5.9900228002049673e-05,,,,Finance
DSEBD:SONARGAON,SONARGAON,SONARGAON TEXTILES LTD,,33.2,0.30211480362538196,75602.0,0.13553924187521102,,,,Process industries
DSEBD:JUTESPINN,JUTESPINN,JUTE SPINNERS LTD ,,200.5,-0.44687189672294225,2.0,0.001417635384179189,,,,Process industries
DSEBD:ICBAMCL2ND,ICBAMCL2ND,ICB AMCL SECOND MUTUAL FUND,,6.1,-4.687500000000011,85466.0,1.216379695599081,,,,Miscellaneous
DSEBD:MEGHNAINS,MEGHNAINS,MEGHNA INSURANCE COMPANY LTD,,25.2,-0.39525691699605303,18505.0,0.022553488819356243,,,,Finance
DSEBD:EXIM1STMF,EXIM1STMF,EXIM BANK 1ST MUTUAL FUND,,4.8,0.0,309206.0,0.23960805470396743,,,,Miscellaneous
DSEBD:SEMLLECMF,SEMLLECMF,SEML LECTURE EQUITY MANAGEMENT FUND,,7.8,-1.2658227848101333,134046.0,0.03568422313620573,,,,Miscellaneous
DSEBD:PRIME1ICBA,PRIME1ICBA,PRIME BANK 1ST ICB AMCL MUTUAL FUND,,5.0,0.0,20300.0,0.1440863893725286,,,,Miscellaneous
DSEBD:SEMLIBBLSF,SEMLIBBLSF,SEML IBBL SHARIAH FUND,,6.8,-2.85714285714286,8015.0,0.0885125800506007,,,,Miscellaneous
DSEBD:SEMLFBSLGF,SEMLFBSLGF,SEML FBLSL GROWTH FUND,,5.5,0.0,3994.0,0.0200942831412285,,,,Miscellaneous
DSEBD:AIBL1STIMF,AIBL1STIMF,AIBL 1ST ISLAMIC MUTUAL FUND,,5.6,1.818181818181812,11230.0,0.018040711282754012,,,,Miscellaneous
DSEBD:GLDNJMF,GLDNJMF,ICB AMCL CMSF GOLDEN JUBILEE MUTUAL FUND,,7.4,0.0,114199.0,0.15736817475020684,,,,Miscellaneous
DSEBD:NCCBLMF1,NCCBLMF1,NCCBL MUTUAL FUND-1,,5.4,0.0,66.0,0.0006225716169599828,,,,Miscellaneous
DSEBD:MBL1STMF,MBL1STMF,MBL 1ST MUTUAL FUND,,4.9,2.0833333333333446,5.0,3.3215528924082585e-05,,,,Miscellaneous
DSEBD:DBH1STMF,DBH1STMF,DBH FIRST MUTUAL FUND,,6.2,0.0,5765.0,0.006560552247145619,,,,Miscellaneous
DSEBD:UNIONINS,UNIONINS,UNION INSURANCE CO. LTD,,34.2,-0.869565217391296,32030.0,0.05934315666685997,,,,Finance
DSEBD:CAPITECGBF,CAPITECGBF,CAPITEC GRAMEEN BANK GROWTH FUND,,7.4,0.0,301552.0,0.14427307853981974,,,,Miscellaneous
DSEBD:TILIL,TILIL,TRUST ISLAMI LIFE INSURANCE LTD,,56.1,0.1785714285714311,160550.0,0.19636030789491965,,,,Finance
DSEBD:AL-HAJTEX,AL-HAJTEX,AL-HAJ TEXTILE MILLS LTD,,132.0,1.6166281755196261,4945.0,0.04396505200678906,,,,Process industries
DSEBD:VAMLBDMF1,VAMLBDMF1,VANGUARD AML BD FINANCE MUTUAL FUND ONE,,7.0,-1.4084507042253471,22817.0,0.10093123741511284,,,,Miscellaneous
DSEBD:1JANATAMF,1JANATAMF,FIRST JANATA BANK MUTUAL FUND,,3.4,0.0,19760.0,0.025402284251560773,,,,
DSEBD:ACMEPL,ACMEPL,ACME PESTICIDES LTD,,14.3,0.0,70937.0,0.03979626189920124,,,,Process industries
DSEBD:SHYAMPSUG,SHYAMPSUG,SHYAMPUR SUGAR MILLS LTD,,131.9,1.305683563748093,1.0,0.00019218203482338473,,,,Process industries
DSEBD:RELIANCE1,RELIANCE1,RELIANCE INSURANCE MUTUAL FUND,,15.9,-0.6249999999999978,4202.0,0.006796671474910059,,,,Miscellaneous
DSEBD:HAMI,HAMI,HAMI INDUSTRIES PLC,,107.5,2.380952380952381,39322.0,0.8391020443002859,,,,Process industries
DSEBD:CAPMBDBLMF,CAPMBDBLMF,CAPM BDBL MUTUAL FUND 01,,9.3,1.086956521739146,2.0,8.8174013178488e-06,,,,Miscellaneous
DSEBD:SAFKOSPINN,SAFKOSPINN,SAFKO SPINNINGS MILLS LTD,,14.4,-2.040816326530605,72733.0,0.20884419998139345,,,,Process industries
DSEBD:BDWELDING,BDWELDING,BANGLADESH WELDING ELECTRODES LTD,,10.1,0.0,1250.0,0.03806577156273664,,,,Producer manufacturing
DSEBD:ICBEPMF1S1,ICBEPMF1S1,ICB EMPLOYEES PROVIDENT MUTUAL FUND ONE,,5.0,-3.8461538461538494,124099.0,2.382478181238745,,,,Miscellaneous
DSEBD:ASIATICLAB,ASIATICLAB,ASIATIC LABORATORIES LTD,,47.3,0.6382978723404196,137530.0,0.07909987300769315,,,,Health technology
DSEBD:ISNLTD,ISNLTD,INFORMATION SERVICES NETWORK LTD,,42.9,1.6587677725118382,51.0,0.0005382892534244691,,,,Technology services
DSEBD:NORTHERN,NORTHERN,NORTHERN JUTE MANUFACTURING CO LTD,,111.6,0.9954751131221669,2337.0,0.43270566016774986,,,,Process industries
DSEBD:MAGURAPLEX,MAGURAPLEX,MAGURA MULTIPLEX PLC,,91.1,-0.2190580503833547,77323.0,0.22256872103941214,,,,Consumer services
DSEBD:ICICL,ICICL,ISLAMI COMMERCIAL INSURANCE PLC.,,21.4,-0.925925925925939,14668.0,0.030104050665437438,,,,Finance
DSEBD:GRAMEENS2,GRAMEENS2,GRAMEEN MUTUAL FUND ONE - GRAMEEN TWO,,13.8,-0.7194244604316521,20772.0,0.02843246918994565,,,,Miscellaneous
DSEBD:PF1STMF,PF1STMF,PHOENIX FINANCE 1ST MUTUAL FUND,,5.3,1.9230769230769162,1.0,1.6054137119027298e-06,,,,
